endpoint_tested_here,metric_category,source_target,input,quantity,calculation_level,aggregation,source_selected_or_defined,matches_source_patient_construction,source_formula,n_patients,n_values,values_per_patient,responder_median,nonresponder_median,responder_higher_auc,separation_auc,responder_direction,raw_p,holm_adjusted_p,adjustment_family,significant_after_holm_0_05,permutations,seed
immediate,individual qEEG feature,response,POST awake,beta DFA intercept,clip-based,one clip,True,False,,50,100,2,-0.4083224224191228,-0.1643706985096685,0.3111979166666667,0.6888020833333333,lower,0.0113089886910113,0.2374887625112375,24 individual-feature tests within endpoint,False,1000000,20260912
immediate,individual qEEG feature,response,POST awake,beta Shannon entropy,clip-based,one clip,False,False,,50,100,2,5.915723367288416,5.845431858613555,0.5269097222222222,0.5269097222222222,higher,0.7406732593267407,1.0,24 individual-feature tests within endpoint,False,1000000,20260912
immediate,individual qEEG feature,response,POST awake,delta PLI connectivity,clip-based,one clip,False,False,,50,100,2,7.017543911933899,10.818713530898094,0.41015625,0.58984375,lower,0.2678497321502678,1.0,24 individual-feature tests within endpoint,False,1000000,20260912
immediate,individual qEEG feature,response,POST sleep,beta DFA intercept,clip-based,one clip,False,False,,50,100,2,-0.4634934177032337,-0.3848102632506457,0.4357638888888889,0.5642361111111112,lower,0.4279795720204279,1.0,24 individual-feature tests within endpoint,False,1000000,20260912
immediate,individual qEEG feature,response,POST sleep,beta Shannon entropy,clip-based,one clip,True,False,,50,100,2,5.918162951464499,5.385457360384894,0.78125,0.78125,higher,7.999992000008e-05,0.0019199980800019,24 individual-feature tests within endpoint,True,1000000,20260912
immediate,individual qEEG feature,response,POST sleep,delta PLI connectivity,clip-based,one clip,False,False,,50,100,2,10.233918204903604,21.052631735801697,0.4290364583333333,0.5709635416666667,lower,0.3853516146483853,1.0,24 individual-feature tests within endpoint,False,1000000,20260912
immediate,individual qEEG feature,response,PRE awake,beta DFA intercept,clip-based,one clip,True,False,,50,100,2,-0.1608230349832816,-0.0943081672750448,0.4344618055555556,0.5655381944444444,lower,0.4116685883314117,1.0,24 individual-feature tests within endpoint,False,1000000,20260912
immediate,individual qEEG feature,response,PRE awake,beta Shannon entropy,clip-based,one clip,False,False,,50,100,2,5.941505432626531,5.793620291630087,0.5568576388888888,0.5568576388888888,higher,0.463057536942463,1.0,24 individual-feature tests within endpoint,False,1000000,20260912
immediate,individual qEEG feature,response,PRE awake,delta PLI connectivity,clip-based,one clip,True,False,,50,100,2,5.847953259944916,12.865497171878816,0.3862847222222222,0.6137152777777778,lower,0.1536608463391536,1.0,24 individual-feature tests within endpoint,False,1000000,20260912
immediate,individual qEEG feature,response,PRE sleep,beta DFA intercept,clip-based,one clip,False,False,,50,100,2,-0.0343754528282437,-0.0309219657992486,0.4952256944444444,0.5047743055555556,lower,0.9562400437599562,1.0,24 individual-feature tests within endpoint,False,1000000,20260912
immediate,individual qEEG feature,response,PRE sleep,beta Shannon entropy,clip-based,one clip,False,False,,50,100,2,5.379485186232179,5.105294223631573,0.6527777777777778,0.6527777777777778,higher,0.0506599493400506,1.0,24 individual-feature tests within endpoint,False,1000000,20260912
immediate,individual qEEG feature,response,PRE sleep,delta PLI connectivity,clip-based,one clip,False,False,,50,100,2,2.923976629972458,9.356725215911863,0.3704427083333333,0.6295572916666667,lower,0.1057068942931057,1.0,24 individual-feature tests within endpoint,False,1000000,20260912
immediate,published EEG response score,sustained response,POST awake + POST sleep,R1,clip-based,all four within-patient POST awake/sleep clip pairs,True,False,4.765*POST-sleep entropy - 7.786*POST-awake DFA,50,200,4,31.32319413454109,26.155312967945484,0.7980685763888888,0.7980685763888888,higher,3.0999969000031e-05,0.00040299959700040297,16 paper-derived tests within endpoint,True,1000000,20260914
immediate,published EEG response score,sustained response,PRE awake,R0,clip-based,one PRE awake clip,True,False,-2.361*PRE-awake DFA - 0.051*PRE-awake PLI,50,100,2,-0.1091710443853136,-0.666937136674034,0.6419270833333334,0.6419270833333334,higher,0.07207692792307208,0.3603846396153604,16 paper-derived tests within endpoint,False,1000000,20260914
immediate,published duration-adjusted response probability,sustained response,POST awake + POST sleep,P1,clip-based,all four within-patient POST awake/sleep clip pairs,True,False,sigmoid(-37.433 - 0.571*duration + 4.765*entropy - 7.781*DFA),50,200,4,0.0005699885469396143,3.654259994314093e-06,0.8174913194444444,0.8174913194444444,higher,9.99999000001e-06,0.00015999984000016,16 paper-derived tests within endpoint,True,1000000,20260914
immediate,published duration-adjusted response probability,sustained response,PRE awake,P0,clip-based,one PRE awake clip,True,False,sigmoid(2.010 - 0.455*duration + R0),50,100,2,0.6559829535692716,0.39646960074707127,0.7109375,0.7109375,higher,0.009532990467009533,0.09532990467009533,16 paper-derived tests within endpoint,False,1000000,20260914
immediate,published interval-change analysis,sustained response,PRE + POST awake,POST - PRE awake DFA,clip-based,all four within-patient PRE/POST clip pairs,True,False,POST feature - PRE feature,50,200,4,-0.2663918173456258,-0.10574993948078004,0.3962673611111111,0.6037326388888888,lower,0.1428138571861428,0.5712554287445712,16 paper-derived tests within endpoint,False,1000000,20260914
immediate,published interval-change analysis,sustained response,PRE + POST awake,POST - PRE awake PLI,clip-based,all four within-patient PRE/POST clip pairs,True,False,POST feature - PRE feature,50,200,4,4.678362607955933,1.7543856054544449,0.5097113715277778,0.5097113715277778,higher,0.9014340985659014,1.0,16 paper-derived tests within endpoint,False,1000000,20260914
immediate,published interval-change analysis,sustained response,PRE + POST sleep,POST - PRE sleep entropy,clip-based,all four within-patient PRE/POST clip pairs,True,False,POST feature - PRE feature,50,200,4,0.48554678701762155,0.07660684676804408,0.6832682291666666,0.6832682291666666,higher,0.010265989734010265,0.09532990467009533,16 paper-derived tests within endpoint,False,1000000,20260914
immediate,published relapse metric,relapse time among immediate responders,POST awake + POST sleep,rho,clip-based,all four within-patient POST awake/sleep clip pairs,True,False,4.008*POST-awake DFA - 1.661*POST-sleep entropy,50,200,4,-11.336168787707333,-9.31418473457121,0.22081163194444445,0.7791883680555556,lower,0.000121999878000122,0.0013439986560013439,16 paper-derived tests within endpoint,True,1000000,20260914
immediate,individual qEEG feature,response,POST awake,beta DFA intercept,patient-based,mean of two awake clips,True,True,,50,50,1,-0.3902539936794438,-0.0964905815327547,0.2690972222222222,0.7309027777777778,lower,0.0065139934860065,0.1433078566921433,24 individual-feature tests within endpoint,False,1000000,20260912
immediate,individual qEEG feature,response,POST awake,beta Shannon entropy,patient-based,mean of two awake clips,False,False,,50,50,1,5.930789438320405,5.763190493597534,0.5381944444444444,0.5381944444444444,higher,0.6675953324046676,1.0,24 individual-feature tests within endpoint,False,1000000,20260912
immediate,individual qEEG feature,response,POST awake,delta PLI connectivity,patient-based,mean of two awake clips,False,False,,50,50,1,9.941520541906357,7.894736900925636,0.4105902777777778,0.5894097222222222,lower,0.303039696960303,1.0,24 individual-feature tests within endpoint,False,1000000,20260912
immediate,individual qEEG feature,response,POST sleep,beta DFA intercept,patient-based,mean of two sleep clips,False,False,,50,50,1,-0.4816749190696184,-0.3681899090840601,0.4357638888888889,0.5642361111111112,lower,0.464982535017465,1.0,24 individual-feature tests within endpoint,False,1000000,20260912
immediate,individual qEEG feature,response,POST sleep,beta Shannon entropy,patient-based,mean of two sleep clips,True,True,,50,50,1,5.931657196749456,5.253130953460362,0.8229166666666666,0.8229166666666666,higher,0.0001059998940001,0.0024379975620024,24 individual-feature tests within endpoint,True,1000000,20260912
immediate,individual qEEG feature,response,POST sleep,delta PLI connectivity,patient-based,mean of two sleep clips,False,False,,50,50,1,12.134502828121184,22.514619678258896,0.4314236111111111,0.5685763888888888,lower,0.4277375722624277,1.0,24 individual-feature tests within endpoint,False,1000000,20260912
immediate,individual qEEG feature,response,PRE awake,beta DFA intercept,patient-based,mean of two awake clips,True,True,,50,50,1,-0.1820821776635719,-0.0735283659927074,0.4131944444444444,0.5868055555555556,lower,0.3195906804093196,1.0,24 individual-feature tests within endpoint,False,1000000,20260912
immediate,individual qEEG feature,response,PRE awake,beta Shannon entropy,patient-based,mean of two awake clips,False,False,,50,50,1,5.826099028892608,5.709232445204757,0.5625,0.5625,higher,0.4763405236594763,1.0,24 individual-feature tests within endpoint,False,1000000,20260912
immediate,individual qEEG feature,response,PRE awake,delta PLI connectivity,patient-based,mean of two awake clips,True,True,,50,50,1,6.2865497544407845,11.84210516512394,0.3932291666666667,0.6067708333333333,lower,0.2181017818982181,1.0,24 individual-feature tests within endpoint,False,1000000,20260912
immediate,individual qEEG feature,response,PRE sleep,beta DFA intercept,patient-based,mean of two sleep clips,False,False,,50,50,1,-0.0544356758433946,-0.090449603068125,0.5,0.5,higher,1.0,1.0,24 individual-feature tests within endpoint,False,1000000,20260912
immediate,individual qEEG feature,response,PRE sleep,beta Shannon entropy,patient-based,mean of two sleep clips,False,False,,50,50,1,5.409316511983233,5.238653008754215,0.6614583333333334,0.6614583333333334,higher,0.0596659403340596,1.0,24 individual-feature tests within endpoint,False,1000000,20260912
immediate,individual qEEG feature,response,PRE sleep,delta PLI connectivity,patient-based,mean of two sleep clips,False,False,,50,50,1,4.239766113460064,10.380117036402224,0.3671875,0.6328125,lower,0.124063875936124,1.0,24 individual-feature tests within endpoint,False,1000000,20260912
immediate,published EEG response score,sustained response,POST awake + POST sleep,R1,patient-based,mean of two POST awake and two POST sleep clips,True,True,4.765*POST-sleep entropy - 7.786*POST-awake DFA,50,50,1,31.326238240858903,27.076672587595212,0.8472222222222222,0.8472222222222222,higher,1.7999982000018e-05,0.000251999748000252,16 paper-derived tests within endpoint,True,1000000,20260914
immediate,published EEG response score,sustained response,PRE awake,R0,patient-based,mean of two PRE awake clips,True,True,-2.361*PRE-awake DFA - 0.051*PRE-awake PLI,50,50,1,0.09302333390409845,-0.6072821600747909,0.6614583333333334,0.6614583333333334,higher,0.059792940207059796,0.35875764124235876,16 paper-derived tests within endpoint,False,1000000,20260914
immediate,published duration-adjusted response probability,sustained response,POST awake + POST sleep,P1,patient-based,mean of two POST awake and two POST sleep clips,True,True,sigmoid(-37.433 - 0.571*duration + 4.765*entropy - 7.781*DFA),50,50,1,0.00044798670887514537,5.0400638471467324e-06,0.8559027777777778,0.8559027777777778,higher,1.4999985000015e-05,0.000224999775000225,16 paper-derived tests within endpoint,True,1000000,20260914
immediate,published duration-adjusted response probability,sustained response,PRE awake,P0,patient-based,mean of two PRE awake clips,True,True,sigmoid(2.010 - 0.455*duration + R0),50,50,1,0.6328518949317787,0.44565581240444435,0.7152777777777778,0.7152777777777778,higher,0.011551988448011552,0.09532990467009533,16 paper-derived tests within endpoint,False,1000000,20260914
immediate,published interval-change analysis,sustained response,PRE + POST awake,POST - PRE awake DFA,patient-based,difference between patient-level study means,True,True,POST feature - PRE feature,50,50,1,-0.19721533499999044,-0.08317302901914404,0.4097222222222222,0.5902777777777778,lower,0.3008776991223009,0.9026330973669027,16 paper-derived tests within endpoint,False,1000000,20260914
immediate,published interval-change analysis,sustained response,PRE + POST awake,POST - PRE awake PLI,patient-based,difference between patient-level study means,True,True,POST feature - PRE feature,50,50,1,6.725146062672138,2.1929822862148285,0.5217013888888888,0.5217013888888888,higher,0.8062531937468063,1.0,16 paper-derived tests within endpoint,False,1000000,20260914
immediate,published interval-change analysis,sustained response,PRE + POST sleep,POST - PRE sleep entropy,patient-based,difference between patient-level study means,True,True,POST feature - PRE feature,50,50,1,0.5200281030406742,0.07072246020328343,0.7170138888888888,0.7170138888888888,higher,0.010628989371010629,0.09532990467009533,16 paper-derived tests within endpoint,False,1000000,20260914
immediate,published relapse metric,relapse time among immediate responders,POST awake + POST sleep,rho,patient-based,mean of two POST awake and two POST sleep clips,True,True,4.008*POST-awake DFA - 1.661*POST-sleep entropy,50,50,1,-11.42605220537871,-9.596711405480082,0.18055555555555555,0.8194444444444444,lower,0.000111999888000112,0.0013439986560013439,16 paper-derived tests within endpoint,True,1000000,20260914
sustained,individual qEEG feature,response,POST awake,beta DFA intercept,clip-based,one clip,True,False,,50,100,2,-0.4399151798381731,-0.0964980090006974,0.2313311688311688,0.7686688311688312,lower,0.0001439998560001,0.003023996976003,24 individual-feature tests within endpoint,True,1000000,20260913
sustained,individual qEEG feature,response,POST awake,beta Shannon entropy,clip-based,one clip,False,False,,50,100,2,5.90502110655064,5.955233062195189,0.4926948051948052,0.5073051948051948,lower,0.9253510746489252,1.0,24 individual-feature tests within endpoint,False,1000000,20260913
sustained,individual qEEG feature,response,POST awake,delta PLI connectivity,clip-based,one clip,False,False,,50,100,2,8.187134563922882,8.479532226920128,0.437702922077922,0.562297077922078,lower,0.4286915713084286,1.0,24 individual-feature tests within endpoint,False,1000000,20260913
sustained,individual qEEG feature,response,POST sleep,beta DFA intercept,clip-based,one clip,False,False,,50,100,2,-0.4749730965372338,-0.3442927473786134,0.3936688311688311,0.6063311688311688,lower,0.171056828943171,1.0,24 individual-feature tests within endpoint,False,1000000,20260913
sustained,individual qEEG feature,response,POST sleep,beta Shannon entropy,clip-based,one clip,True,False,,50,100,2,5.987703297317139,5.413141754694621,0.8027597402597403,0.8027597402597403,higher,6.999993000007e-06,0.0001679998320001,24 individual-feature tests within endpoint,True,1000000,20260913
sustained,individual qEEG feature,response,POST sleep,delta PLI connectivity,clip-based,one clip,False,False,,50,100,2,8.187134563922882,21.052631735801697,0.3825081168831168,0.6174918831168832,lower,0.1353858646141353,1.0,24 individual-feature tests within endpoint,False,1000000,20260913
sustained,individual qEEG feature,response,PRE awake,beta DFA intercept,clip-based,one clip,True,False,,50,100,2,-0.2107365082557046,0.0173242509459523,0.3449675324675325,0.6550324675324675,lower,0.042050957949042,0.756917243082757,24 individual-feature tests within endpoint,False,1000000,20260913
sustained,individual qEEG feature,response,PRE awake,beta Shannon entropy,clip-based,one clip,False,False,,50,100,2,5.933917021805218,5.852915678166536,0.5478896103896104,0.5478896103896104,higher,0.5227644772355228,1.0,24 individual-feature tests within endpoint,False,1000000,20260913
sustained,individual qEEG feature,response,PRE awake,delta PLI connectivity,clip-based,one clip,True,False,,50,100,2,5.263157933950424,12.865497171878816,0.3336038961038961,0.6663961038961039,lower,0.0295869704130295,0.5621524378475622,24 individual-feature tests within endpoint,False,1000000,20260913
sustained,individual qEEG feature,response,PRE sleep,beta DFA intercept,clip-based,one clip,False,False,,50,100,2,-0.0859497304752092,0.1059095446919521,0.3847402597402597,0.6152597402597403,lower,0.1497208502791497,1.0,24 individual-feature tests within endpoint,False,1000000,20260913
sustained,individual qEEG feature,response,PRE sleep,beta Shannon entropy,clip-based,one clip,False,False,,50,100,2,5.387816424859956,5.157822441413219,0.6383928571428571,0.6383928571428571,higher,0.0675809324190675,1.0,24 individual-feature tests within endpoint,False,1000000,20260913
sustained,individual qEEG feature,response,PRE sleep,delta PLI connectivity,clip-based,one clip,False,False,,50,100,2,2.923976629972458,8.187134563922882,0.3644480519480519,0.635551948051948,lower,0.0795479204520795,1.0,24 individual-feature tests within endpoint,False,1000000,20260913
sustained,published EEG response score,sustained response,POST awake + POST sleep,R1,clip-based,all four within-patient POST awake/sleep clip pairs,True,False,4.765*POST-sleep entropy - 7.786*POST-awake DFA,50,200,4,31.948225112488082,26.10173859783405,0.8730722402597403,0.8730722402597403,higher,9.99999000001e-07,1.5999984000016e-05,16 paper-derived tests within endpoint,True,1000000,20260915
sustained,published EEG response score,sustained response,PRE awake,R0,clip-based,one PRE awake clip,True,False,-2.361*PRE-awake DFA - 0.051*PRE-awake PLI,50,100,2,-0.002393661394084569,-0.7491959983200962,0.7248376623376623,0.7248376623376623,higher,0.002631997368002632,0.021015978984021015,16 paper-derived tests within endpoint,True,1000000,20260915
sustained,published duration-adjusted response probability,sustained response,POST awake + POST sleep,P1,clip-based,all four within-patient POST awake/sleep clip pairs,True,False,sigmoid(-37.433 - 0.571*duration + 4.765*entropy - 7.781*DFA),50,200,4,0.0010301105911655435,1.9975545505324625e-06,0.8934659090909091,0.8934659090909091,higher,9.99999000001e-07,1.5999984000016e-05,16 paper-derived tests within endpoint,True,1000000,20260915
sustained,published duration-adjusted response probability,sustained response,PRE awake,P0,clip-based,one PRE awake clip,True,False,sigmoid(2.010 - 0.455*duration + R0),50,100,2,0.692959943045057,0.38297582501296135,0.7832792207792207,0.7832792207792207,higher,0.000228999771000229,0.00228999771000229,16 paper-derived tests within endpoint,True,1000000,20260915
sustained,published interval-change analysis,sustained response,PRE + POST awake,POST - PRE awake DFA,clip-based,all four within-patient PRE/POST clip pairs,True,False,POST feature - PRE feature,50,200,4,-0.29334189963546964,-0.1179163046327315,0.3969155844155844,0.6030844155844156,lower,0.13297286702713298,0.5318914681085319,16 paper-derived tests within endpoint,False,1000000,20260915
sustained,published interval-change analysis,sustained response,PRE + POST awake,POST - PRE awake PLI,clip-based,all four within-patient PRE/POST clip pairs,True,False,POST feature - PRE feature,50,200,4,4.678362607955933,1.1695906519889832,0.5560064935064936,0.5560064935064936,higher,0.4576095423904576,1.0,16 paper-derived tests within endpoint,False,1000000,20260915
sustained,published interval-change analysis,sustained response,PRE + POST sleep,POST - PRE sleep entropy,clip-based,all four within-patient PRE/POST clip pairs,True,False,POST feature - PRE feature,50,200,4,0.5063642884515307,0.09678169485984434,0.695515422077922,0.695515422077922,higher,0.004435995564004436,0.026615973384026617,16 paper-derived tests within endpoint,True,1000000,20260915
sustained,published relapse metric,relapse time among immediate responders,POST awake + POST sleep,rho,clip-based,all four within-patient POST awake/sleep clip pairs,True,False,4.008*POST-awake DFA - 1.661*POST-sleep entropy,50,200,4,-11.603172655748011,-9.183466469885728,0.14042207792207792,0.859577922077922,lower,9.99999000001e-07,1.5999984000016e-05,16 paper-derived tests within endpoint,True,1000000,20260915
sustained,individual qEEG feature,response,POST awake,beta DFA intercept,patient-based,mean of two awake clips,True,True,,50,50,1,-0.4423040780709,-0.0866458451478531,0.1834415584415584,0.8165584415584416,lower,7.4999925000075e-05,0.0016499983500016,24 individual-feature tests within endpoint,True,1000000,20260913
sustained,individual qEEG feature,response,POST awake,beta Shannon entropy,patient-based,mean of two awake clips,False,False,,50,50,1,5.902222485163263,5.935482600508775,0.4967532467532468,0.5032467532467533,lower,0.9768330231669768,1.0,24 individual-feature tests within endpoint,False,1000000,20260913
sustained,individual qEEG feature,response,POST awake,delta PLI connectivity,patient-based,mean of two awake clips,False,False,,50,50,1,9.941520541906357,7.894736900925636,0.4310064935064935,0.5689935064935066,lower,0.4097555902444098,1.0,24 individual-feature tests within endpoint,False,1000000,20260913
sustained,individual qEEG feature,response,POST sleep,beta DFA intercept,patient-based,mean of two sleep clips,False,False,,50,50,1,-0.5132755318915163,-0.3681899090840601,0.3928571428571428,0.6071428571428572,lower,0.1985098014901985,1.0,24 individual-feature tests within endpoint,False,1000000,20260913
sustained,individual qEEG feature,response,POST sleep,beta Shannon entropy,patient-based,mean of two sleep clips,True,True,,50,50,1,5.972874047761917,5.37466260090507,0.8522727272727273,0.8522727272727273,higher,9.99999000001e-06,0.0002299997700002,24 individual-feature tests within endpoint,True,1000000,20260913
sustained,individual qEEG feature,response,POST sleep,delta PLI connectivity,patient-based,mean of two sleep clips,False,False,,50,50,1,10.964912362396715,22.514619678258896,0.3790584415584415,0.6209415584415585,lower,0.1463578536421463,1.0,24 individual-feature tests within endpoint,False,1000000,20260913
sustained,individual qEEG feature,response,PRE awake,beta DFA intercept,patient-based,mean of two awake clips,True,True,,50,50,1,-0.2082894244249714,-0.0453497804359837,0.3165584415584415,0.6834415584415585,lower,0.0262759737240262,0.5255194744805256,24 individual-feature tests within endpoint,False,1000000,20260913
sustained,individual qEEG feature,response,PRE awake,beta Shannon entropy,patient-based,mean of two awake clips,False,False,,50,50,1,5.826099028892608,5.771762974186151,0.5438311688311688,0.5438311688311688,higher,0.6073293926706074,1.0,24 individual-feature tests within endpoint,False,1000000,20260913
sustained,individual qEEG feature,response,PRE awake,delta PLI connectivity,patient-based,mean of two awake clips,True,True,,50,50,1,5.847953259944916,12.426900491118433,0.3425324675324675,0.6574675324675325,lower,0.0567649432350567,0.965004034995965,24 individual-feature tests within endpoint,False,1000000,20260913
sustained,individual qEEG feature,response,PRE sleep,beta DFA intercept,patient-based,mean of two sleep clips,False,False,,50,50,1,-0.0913133881434705,0.171402187167294,0.3847402597402597,0.6152597402597403,lower,0.1698348301651698,1.0,24 individual-feature tests within endpoint,False,1000000,20260913
sustained,individual qEEG feature,response,PRE sleep,beta Shannon entropy,patient-based,mean of two sleep clips,False,False,,50,50,1,5.409316511983233,5.251034345600025,0.6363636363636364,0.6363636363636364,higher,0.1024518975481024,1.0,24 individual-feature tests within endpoint,False,1000000,20260913
sustained,individual qEEG feature,response,PRE sleep,delta PLI connectivity,patient-based,mean of two sleep clips,False,False,,50,50,1,4.239766113460064,10.380117036402224,0.3563311688311688,0.6436688311688312,lower,0.0845129154870845,1.0,24 individual-feature tests within endpoint,False,1000000,20260913
sustained,published EEG response score,sustained response,POST awake + POST sleep,R1,patient-based,mean of two POST awake and two POST sleep clips,True,True,4.765*POST-sleep entropy - 7.786*POST-awake DFA,50,50,1,31.77656536180283,26.936423558194996,0.9237012987012987,0.9237012987012987,higher,9.99999000001e-07,1.5999984000016e-05,16 paper-derived tests within endpoint,True,1000000,20260915
sustained,published EEG response score,sustained response,PRE awake,R0,patient-based,mean of two PRE awake clips,True,True,-2.361*PRE-awake DFA - 0.051*PRE-awake PLI,50,50,1,0.17413507154144492,-0.8413066127521069,0.7467532467532467,0.7467532467532467,higher,0.002626997373002627,0.021015978984021015,16 paper-derived tests within endpoint,True,1000000,20260915
sustained,published duration-adjusted response probability,sustained response,POST awake + POST sleep,P1,patient-based,mean of two POST awake and two POST sleep clips,True,True,sigmoid(-37.433 - 0.571*duration + 4.765*entropy - 7.781*DFA),50,50,1,0.001275428936300986,4.047495475452746e-06,0.939935064935065,0.939935064935065,higher,9.99999000001e-07,1.5999984000016e-05,16 paper-derived tests within endpoint,True,1000000,20260915
sustained,published duration-adjusted response probability,sustained response,PRE awake,P0,patient-based,mean of two PRE awake clips,True,True,sigmoid(2.010 - 0.455*duration + R0),50,50,1,0.677203575638877,0.39741283330631616,0.7840909090909091,0.7840909090909091,higher,0.00045999954000046,0.0041399958600041396,16 paper-derived tests within endpoint,True,1000000,20260915
sustained,published interval-change analysis,sustained response,PRE + POST awake,POST - PRE awake DFA,patient-based,difference between patient-level study means,True,True,POST feature - PRE feature,50,50,1,-0.22369807110426887,-0.1488405860328053,0.41883116883116883,0.5811688311688312,lower,0.33755866244133753,1.0,16 paper-derived tests within endpoint,False,1000000,20260915
sustained,published interval-change analysis,sustained response,PRE + POST awake,POST - PRE awake PLI,patient-based,difference between patient-level study means,True,True,POST feature - PRE feature,50,50,1,7.163742557168007,2.1929822862148285,0.5689935064935064,0.5689935064935064,higher,0.41249158750841247,1.0,16 paper-derived tests within endpoint,False,1000000,20260915
sustained,published interval-change analysis,sustained response,PRE + POST sleep,POST - PRE sleep entropy,patient-based,difference between patient-level study means,True,True,POST feature - PRE feature,50,50,1,0.5696539384425017,0.08298185110852074,0.7256493506493507,0.7256493506493507,higher,0.006060993939006061,0.030304969695030305,16 paper-derived tests within endpoint,True,1000000,20260915
sustained,published relapse metric,relapse time among immediate responders,POST awake + POST sleep,rho,patient-based,mean of two POST awake and two POST sleep clips,True,True,4.008*POST-awake DFA - 1.661*POST-sleep entropy,50,50,1,-11.561669979196914,-9.561531475862772,0.09090909090909091,0.9090909090909091,lower,1.999998000002e-06,2.1999978000022002e-05,16 paper-derived tests within endpoint,True,1000000,20260915
